"0x8b363c","Pointer"
"0x0","0x0"
"0x1","0x8198d8c"
"0x2","0x81aebf0"
"0x3","0x81ab69c"
"0x4","0x81b76f4"
"0x5","0x859d498"
"0x6","0x8a1e0f8"
"0x7","0x89e863c"
"0x8","0x81b75d0"
"0x9","0x8a1e104"
"0xa","0x89e879c"
"0xb","0x81b743c"
"0xc","0x8a1e160"
"0xd","0x89e8934"
"0xe","0x8191b14"
"0xf","0x81aeab0"
"0x10","0x81aa140"
"0x11","0x81b72d4"
"0x12","0x859d568"
"0x13","0x8a1e1f4"
"0x14","0x89e8a38"
"0x15","0x81b715c"
"0x16","0x8a1e2ac"
"0x17","0x89e8b20"
"0x18","0x818b89c"
"0x19","0x81ae970"
"0x1a","0x81a8ccc"
"0x1b","0x81b6f78"
"0x1c","0x859d6f8"
"0x1d","0x8a1e3ac"
"0x1e","0x89e8d0c"
"0x1f","0x81b6dbc"
"0x20","0x8a1e338"
"0x21","0x89e8c54"
"0x22","0x81b6a0c"
"0x23","0x8a1e3f0"
"0x24","0x89e8dc4"
"0x25","0x81b6718"
"0x26","0x8a1e414"
"0x27","0x89e8e70"
"0x28","0x81b6480"
"0x29","0x8a1e450"
"0x2a","0x89e8fe4"
"0x2b","0x81b61bc"
"0x2c","0x8a1e4cc"
"0x2d","0x89e9140"
"0x2e","0x8185154"
"0x2f","0x81ae830"
"0x30","0x81a7674"
"0x31","0x81b5e2c"
"0x32","0x8a1e514"
"0x33","0x89e92b0"
"0x34","0x81ae6f0"
"0x35","0x81b5a9c"
"0x36","0x8a1e5b8"
"0x37","0x89e94e8"
"0x38","0x81ae5b0"
"0x39","0x81b584c"
"0x3a","0x8a1e5f4"
"0x3b","0x89e95e8"
"0x3c","0x81816b8"
"0x3d","0x81ae470"
"0x3e","0x81a6604"
"0x3f","0x81b558c"
"0x40","0x8a1e798"
"0x41","0x89e97b0"
"0x42","0x817a9f4"
"0x43","0x81ae330"
"0x44","0x81a55b4"
"0x45","0x81b52cc"
"0x46","0x8a1e860"
"0x47","0x89e9a00"
"0x48","0x81ae1f0"
"0x49","0x81b4fe4"
"0x4a","0x8a1e8b0"
"0x4b","0x89e9b18"
"0x4c","0x81ae0b0"
"0x4d","0x81b4ccc"
"0x4e","0x8a1e938"
"0x4f","0x89e9cb4"
"0x50","0x81756b4"
"0x51","0x81adf70"
"0x52","0x81a4510"
"0x53","0x81b4914"
"0x54","0x859d800"
"0x55","0x8a1e974"
"0x56","0x89e9da8"
"0x57","0x81ade30"
"0x58","0x81b464c"
"0x59","0x8a1e990"
"0x5a","0x89e9f08"
"0x5b","0x81adcf0"
"0x5c","0x81b4254"
"0x5d","0x8a1e9f0"
"0x5e","0x89ea02c"
"0x5f","0x8170da8"
"0x60","0x81adbb0"
"0x61","0x81a3660"
"0x62","0x81b3e7c"
"0x63","0x8a1ea08"
"0x64","0x89ea138"
"0x65","0x81b3b08"
"0x66","0x8a1ea44"
"0x67","0x89ea1c0"
"0x68","0x81ada70"
"0x69","0x81b3870"
"0x6a","0x8a1ea6c"
"0x6b","0x89ea348"
"0x6c","0x8169d54"
"0x6d","0x81ad930"
"0x6e","0x81a1fc0"
"0x6f","0x81b35b4"
"0x70","0x8a1eaf0"
"0x71","0x89ea4a8"
"0x72","0x81ad7f0"
"0x73","0x81b3258"
"0x74","0x8a1ee74"
"0x75","0x89ea6cc"
"0x76","0x81b2fb8"
"0x77","0x8a1eec8"
"0x78","0x89ea850"
"0x79","0x8165f7c"
"0x7a","0x81ad6b0"
"0x7b","0x81a1440"
"0x7c","0x81b2bc4"
"0x7d","0x859d678"
"0x7e","0x8a1ef58"
"0x7f","0x89eaacc"
"0x80","0x89eacf0"
"0x81","0x89eae2c"
"0x82","0x89eafc8"
"0x83","0x89eb0bc"
"0x84","0x89eb21c"
"0x85","0x89eb340"
"0x86","0x89eb44c"
"0x87","0x89eb4d4"
"0x88","0x81609bc"
"0x89","0x81ad570"
"0x8a","0x81a0514"
"0x8b","0x81b2a60"
"0x8c","0x8a1f0f4"
"0x8d","0x89eb574"
"0x8e","0x81b28ec"
"0x8f","0x8a1f100"
"0x90","0x89eb614"
"0x91","0x81b26ec"
"0x92","0x8a1f110"
"0x93","0x89eb6a8"
"0x94","0x81b24d8"
"0x95","0x8a1f128"
"0x96","0x89eb730"
"0x97","0x81b2300"
"0x98","0x8a1f138"
"0x99","0x89eb7dc"
"0x9a","0x81b216c"
"0x9b","0x8a1f20c"
"0x9c","0x89eb894"
"0x9d","0x81b1f40"
"0x9e","0x8a1f344"
"0x9f","0x89eb97c"
"0xa0","0x81b1cd0"
"0xa1","0x8a1f390"
"0xa2","0x89eba10"
"0xa3","0x81ad430"
"0xa4","0x81b1a8c"
"0xa5","0x8a1f3c4"
"0xa6","0x89ebae0"
"0xa7","0x81b1820"
"0xa8","0x8a1f3e8"
"0xa9","0x89ebb80"
"0xaa","0x81b15c0"
"0xab","0x8a1f43c"
"0xac","0x89ebca4"
"0xad","0x81b13c0"
"0xae","0x8a1f5c0"
"0xaf","0x89ebd5c"
"0xb0","0x81b1198"
"0xb1","0x8a1f6c4"
"0xb2","0x89ebe2c"
"0xb3","0x81b0f8c"
"0xb4","0x8a1f71c"
"0xb5","0x89ebf14"
"0xb6","0x81b0d40"
"0xb7","0x8a1f764"
"0xb8","0x89ec038"
"0xb9","0x81ad2f0"
"0xba","0x81b0b90"
"0xbb","0x8a1f830"
"0xbc","0x89ec1e0"
"0xbd","0x81b0940"
"0xbe","0x8a1f8f0"
"0xbf","0x89ec298"
"0xc0","0x81b0718"
"0xc1","0x8a1f918"
"0xc2","0x89ec32c"
"0xc3","0x81b070c"
"0xc4","0x8a1f930"
"0xc5","0x89ec3b4"
"0xc6","0x81b03cc"
"0xc7","0x8a1f93c"
"0xc8","0x89ec43c"
"0xc9","0x81b02c4"
"0xca","0x81b0270"
"0xcb","0x89ec5a8"
"0xcc","0x81b023c"
"0xcd","0x89ec66c"
"0xce","0x81ad1b0"
"0xcf","0x81b000c"
"0xd0","0x8a1e568"
"0xd1","0x89e9400"
"0xd2","0x81afef8"
"0xd3","0x859d520"
"0xd4","0x8a1ee28"
"0xd5","0x89ea5bc"
"0xd6","0x81afdb0"
"0xd7","0x81afc74"
"0xd8","0x81afb48"
"0xd9","0x81afa2c"
"0xda","0x8a1fa70"
"0xdb","0x81af980"
"0xdc","0x81af8ac"
"0xdd","0x81af7b0"
"0xde","0x81af604"
"0xdf","0x8a1fa90"
"0xe0","0x81af51c"
"0xe1","0x8a1fab0"
"0xe2","0x81af434"
"0xe3","0x8a1fadc"
"0xe4","0x81af320"
"0xe5","0x81af220"
"0xe6","0x81ad070"
"0xe7","0x81af120"
"0xe8","0x81aefec"
"0xe9","0x81aeeec"
"0xea","0x81acf30"
"0xeb","0x81aed30"
"0xec","0x0"
"0xed","0x8a39768"
"0xee","0x8a39d0c"
"0xef","0x8a39d44"
"0xf0","0x8a39f20"
"0xf1","0x8a3a0bc"
"0xf2","0x8a3c890"
"0xf3","0x8a3a1ec"
"0xf4","0x8a3a4d8"
"0xf5","0x8a3a5c4"
"0xf6","0x8a3a6b0"
"0xf7","0x8a3a730"
"0xf8","0x8a3a990"
"0xf9","0x8a3ab50"
"0xfa","0x8a3ab6c"
"0xfb","0x8a3acb0"
"0xfc","0x8a3b528"
"0xfd","0x8a3b594"
"0xfe","0x8a3b738"
